Category,R²
groceries,0.35808537275150376
transport,0.4570408098671972
eating_out,0.48679887644100006
entertainment,0.5032070929350131
utilities,0.33867012083186787
healthcare,0.28045027235729136
education,0.3113370412928895
miscellaneous,0.45297963416428666
